path,label,Usage
test/7ec8b90644fa446ba599b4647d373e5a.png,0,Private
test/0ebd68bd949946d2a1980ba492019fde.png,0,Public
test/64e3460b8fb943f4afff5d5446d81cfb.png,0,Public
test/7f9682989c40493680e4c9befb26f57c.png,0,Public
test/548e2384daae4d55adad0215ec60fa8b.png,0,Public
test/8156e4dc5e02408a827fda5f6d002d64.png,0,Public
test/ed5232cb1d014cd88135a0fb5529e996.png,0,Public
test/97aaa6c5d251401ca8ca11c5eb47034d.png,0,Private
test/b5c9735d96574d8e9f8d1e242044364e.png,0,Private
test/c31572b747924c52bb38d3c995aeb996.png,0,Public
test/0eed9b89f90d410ea888ac542cc4c52a.png,0,Public
test/8b14960d4e1a4a598e20c9a36b3182f7.png,0,Public
test/56a200856b7448ca95b58db6dc5d12d9.png,0,Public
test/e9c21e3e631b43e290aed5b736fbfa97.png,1,Private
test/cf52af90bd0e4f94a2e347f45068d873.png,0,Private
test/3aa490794a39417fab039d5279f6992f.png,0,Public
test/a1b20c02835f4518acd4506d21225ea8.png,0,Private
test/f7dbc196b72d4bfa9ff8ee87fd48a7ce.png,0,Private
test/f513b11412e142a99d8cd8420c196fdb.png,1,Public
test/01d439ffad944aaaaaadac4ae8b474a7.png,0,Public
test/f501f3665169436788e0d558c1569661.png,0,Public
test/1f550b9c48334dc9a6a4ac5c2da4899f.png,0,Private
test/50b1046cfbdc4e2ab8f65c8494c61e21.png,0,Private
test/15f9ec6318254ca381f67a79300186a8.png,0,Private
test/714ee2e2d63345698648f9fcbc18258a.png,0,Public
test/64df2c8b56f64c1dae002252acc76280.png,0,Public
test/781345c79d154cc7aff734bfd198499c.png,0,Private
test/c88b88b395a140b2a6e6fa32a719f2e2.png,0,Public
test/11efdf6d4a0a40afb81530d3dd1ec471.png,0,Private
test/04d22bdb499b4bfdadaea08c7d1b0975.png,0,Public
test/769d4341de65412da0886fc1ae274e3c.png,0,Public
test/9f2c202ee3c1479c995d0f67f1171985.png,0,Public
test/f9ddc49debf3461c9241385d127f949f.png,0,Public
test/63c1daf526544211962a961556009733.png,0,Private
test/3e67fb8a44c445ff9ed5ff2d302dd94b.png,1,Private
test/d0026c3f65424302b63e934e9a4706c4.png,0,Private
test/112157dbf254461db407f5a1f7e6461a.png,0,Private
test/a9a642eb83aa47798490c4249c19becb.png,0,Private
test/11a623e4ce04484c8b03ae4c2a593055.png,1,Public
test/606c0af57d374a6399e98b38fb7d1982.png,0,Private
test/73d8a9a84538468ebac6643a38b8eb98.png,0,Private
test/f0e057d29f904691a1c22c76ef378932.png,0,Private
test/3f9ccf47bd834a898d730f78dee951c1.png,0,Public
test/98c3c4e245d44ef5bde1501f21edf527.png,0,Private
test/d638a16abfb046289c52566ad2fb86d2.png,0,Private
test/c808746cda1b4d15b4a288ee0e0c8958.png,0,Public
test/08774c20161248ada6c550da2bb6353d.png,0,Private
test/c7b53d0cf96c48b6ad8a362251390b1b.png,0,Public
test/d5c33803e13d4b80896b5d881fd1ccfe.png,0,Public
test/933868c35a02476d8cddd7a75a906edb.png,0,Public
test/4214a83b27c64595a4a3fc09e985def1.png,0,Private
test/c64de27df4934d3b862e188e9e2ea19d.png,0,Private
test/ca0a6ac76b814709ac081f0abfd9393d.png,0,Private
test/18498e356cd643ceaf2de1ad5f332184.png,0,Private
test/35ef0e6a7269413b8e356e1026a911e0.png,0,Private
test/9c1f8947dea54ba49bf50fc308e3fe2b.png,0,Private
test/b34fef9e3e6d441cac5ea8f788197912.png,0,Public
test/c67e3eea275c4c5d98f0d85e81792e68.png,0,Private
test/9e2c7f995e094d8b81171118aaa7677b.png,0,Public
test/2c27bd3aa7204a2b849b73009ff5aaae.png,0,Private
test/073778866aee4c10b1f678b406410a39.png,0,Public
test/d401eabab33d456e94357258e79a09b2.png,0,Private
test/6dd511771ca948ed907d0a8ee53a9905.png,0,Private
test/48252442b2bf404cafdfdc8dbc0415bc.png,0,Public
test/b1d40aba48e54234aa081ca8a06ff938.png,0,Public
test/15ce744bc6c2411fab7bedbbc7b6cb05.png,0,Private
test/043836a0e0584bc894586f87a4698f85.png,0,Public
test/d9b87a9a8c7a49b09a94c59aa1d3c220.png,0,Public
test/e87f4e750a9a48a4821ed19572530d05.png,0,Public
test/17c8b861eb1d43ea8d200134a259314e.png,1,Private
test/8d56fed8dd544e7cbce720c053de6f9c.png,0,Public
test/e667d4f4c3c440b4834b452ab4eac94c.png,1,Private
test/cf33a1f355ae42fca3716f7e628c57bd.png,0,Public
test/3590ea039cac4045948ed1fb6c8df39e.png,0,Private
test/38108601a8fe4b999d103707b5c94cf1.png,0,Public
test/0f98b07706a64e4d9382a7689c1a448e.png,0,Public
test/a56785b5f33e4dbdb4e687890f5e557d.png,0,Private
test/b2b1dd1f8d3d47f0b2c73bc73a745d0d.png,0,Private
test/a25b26a397694fa6abbf59416186e464.png,0,Public
test/b53da945a8dc4593aba2f9e52b10f4c8.png,0,Public
test/a836eb37b98c48798810989abcee2842.png,0,Private
test/f7317d7a4ce64101b3ae12bdaad859b8.png,1,Public
test/ad1499bd73cb44d3a2ec3ea77ec7c2ce.png,0,Private
test/157f64c2904746d09f9a4274fbe68a1a.png,0,Public
test/00e6ce6b58df428f9310e171c4584c97.png,0,Public
test/735625d81ecd4927ae369e2d2522c06b.png,1,Public
test/a6d6cc69242e41a6aeb75d9b5a406a2b.png,0,Public
test/c3d2a2be7cd348ec93ab52cda301a020.png,0,Private
test/7d902092b26b40cdaf2ffed348b2369e.png,0,Private
test/c7652c58a81147a5a5c4f7879b63a55c.png,0,Public
test/e3123f3ce51240a68e74e7ed43eeaff8.png,0,Public
test/4adf5803007049a4acf22148433f0e6f.png,0,Public
test/72f5167a05a24ead831b0f5e11d2c0e4.png,0,Private
test/a811154660a64e6d95e5b3eac7edd981.png,0,Private
test/87604bdc0fc942eaab4edb27112973cc.png,0,Public
test/41c530ff27824febb36b8a3da7c0a3f5.png,0,Public
test/87e2fdad796c4e5096687a46f2c9fbcf.png,0,Public
test/ec78e5b23b1a40dca6a3ed9d9f0589b1.png,0,Public
test/6f5f4648656c4b3a836ba2347b923b08.png,0,Private
test/2fc707ec3e824f839b1bb26db908f17d.png,0,Public
test/434f3d06c40c45f191988994b5957aaa.png,0,Public
test/438853cb39434ce7a11f04c6874d3481.png,0,Private
test/7db5070533c54e01a28b11295fdce1e5.png,0,Public
test/00f62e95e7a8431e8b64e9021754eb13.png,0,Private
test/c5d8ab1ea916439680079a3308138159.png,0,Public
test/677bf51521024468ab50e8770e4dc32e.png,0,Private
test/20d868a3c9db4c5283e6758d6859a586.png,0,Private
test/f18fee5b123141ed91a59a5299ec7d6d.png,0,Public
test/ca5a4fdf8e694c368c7d3931ab0678de.png,0,Private
test/8eafd572224648bb9cd1fe1a2e86dff3.png,0,Public
test/c26f56d4df0045e89d56501bbb738297.png,0,Private
test/75938883c5424850bbd3f45665c13ae0.png,0,Private
test/ca99bfe631b84a47bffc4fa2b801b859.png,1,Private
test/b529e373a73149b994a754a159229f28.png,0,Public
test/5922c3bc09104a819e7281d62ae71e1f.png,0,Private
test/712b5a2d4cf247bfbf62ee55d7da9220.png,0,Private
test/0f8aa9411e3f41c9b7d326f9a598b42c.png,0,Public
test/2167d6e92b02426e8e65895e853d3d4f.png,0,Private
test/917dab55618f49d2a789108088a815ff.png,0,Private
test/f96eeed4ad05418da6f4b0393601c003.png,0,Private
test/8fd2ffe4153b4d119189c2af8033b2a3.png,0,Private
test/42271b53f3ec4d5990c865267c7fb703.png,0,Public
test/c01530a2abdf43fb8e36c61a71a70741.png,0,Public
test/674c37727d464d32b57c948839843f30.png,0,Public
test/627478185b664be9b64a7ed45c9099d6.png,0,Public
test/ec625801849147ad968c69a9c6910923.png,0,Private
test/b52fe3b2b4c6494ca69ab6df4a924ebf.png,0,Private
test/352de6709a6c466da6b66014f9fbcd83.png,1,Public
test/d7260036a5194639b18e3f38409abe81.png,0,Private
test/6a9ba54925a049ff9dfa563d4181f148.png,0,Public
test/1efb835451aa4856960420b330ef3b9b.png,0,Public
test/30467ab7af6d4701aa495f359984da81.png,0,Public
test/241978012f694bf1a7dd507f4b42c6fb.png,0,Private
test/5da5d266d2e24a3dbde13c4d59f9941d.png,0,Private
test/22dff49309e9477fab643cf9db0a97fc.png,0,Public
test/e99d6ed46ca44d66b429f7c0a64bc167.png,0,Private
test/38e4e84a068c4d56b1184cd301c36a63.png,0,Private
test/caf2ca5c54eb455d942544e57dd82974.png,0,Public
test/a138f4dc9d8247168d709e6561ad7a2a.png,0,Public
test/7030363cd5074646910f414ac3e87e06.png,0,Public
test/78903abb9cd74466a7adaee38dd2648b.png,0,Public
test/bfc57a8d01ce48f5b030817c35b3593f.png,1,Public
test/add15bdecf4143e9aa56c5fe8631a39d.png,0,Public
test/f16dd97ff55b4747b9a539e13f8c7892.png,0,Public
test/bab6a71c4626459aa976b935e458eff5.png,0,Private
test/973e9380e5614cd9820bdfead4e4c4a7.png,0,Private
test/b20a41d35cef4fd193125bf668c67526.png,0,Public
test/bfb2af2943474d4ba454566cef2363ba.png,0,Private
test/aeb9dd0d95db4943b8c98f31211f8638.png,0,Public
test/3e5ec5672e3b4ccead9060a0f84d9366.png,0,Public
test/fe75fc04d43144bb94c51cac9e1cc09a.png,0,Public
test/7a1fdc8616e64d13a6e85527802d97aa.png,0,Public
test/1b6457074bfa401cba5114a6c986aa62.png,0,Private
test/c293eff3c1eb40c1a34ca6fa3f9563de.png,0,Public
test/0b59638cca284ca7a0ec43166098fe33.png,0,Public
test/f44536d0cfed4c21a9defc9361346e0b.png,0,Public
test/19d99824ad164be5afd817963528dd76.png,0,Private
test/03c10ad0fdd84992bebfef24e4d3beb1.png,0,Private
test/a571c6391e934666be809788fda8b026.png,1,Public
test/5341600793034d4392b86804a3586f74.png,0,Public
test/49711b8c46f646f18decbc5ed4f7890b.png,0,Private
test/bbc2592d61974ce1bc361bcb3734652f.png,0,Private
test/6ad8bdfde2a5429bb3686fca2391a7da.png,0,Public
test/d2cbc7fbd6c849e183af97574f67f72a.png,0,Public
test/63d791a647b54600a5c5fb2d929f98df.png,0,Public
test/dbe8ac49904547a9b7a7661e0665fef4.png,0,Private
test/3cc88e89c0bc47e59210994b73be4083.png,0,Private
test/35d17930d42c4fc4afa7757c31d3f20d.png,0,Private
test/5963274e4d3247a6811b8f08d67f5e2b.png,0,Private
test/c89537cc7b904e1c9ddb646dfceff07a.png,0,Private
test/c92467c993d1495abaeba52f4fb915c1.png,0,Public
test/bceff6d438814827b6362193bbcaed9b.png,0,Private
test/927560cade174bf9a30875f50410775a.png,0,Private
test/70aa120fa0394308b1301c7cb88a9d8e.png,0,Public
test/f9558ebbbbfd4bd4bc326465014c517d.png,0,Private
test/ca61aceb4cdb49f6824957c8d28cebc6.png,0,Private
test/85700f7b0c464bd5aab5959c5f900082.png,0,Private
test/27c5412c6b4645cdbbe410ed393a2a59.png,0,Private
test/789e6d76d1cf46ae9d3f8fedbb409054.png,0,Public
test/44a7fd65d862403683aeca16cb177002.png,0,Public
test/a6353df10cda464490c5a6058896b72d.png,0,Public
test/a12d4d8937b14b9f821a151a278e675c.png,0,Private
test/9161afdffbf246eaaf4c69752cb6474c.png,0,Public
test/868b90f1cca44166a3e06554503a1a98.png,0,Private
test/2fb373621fb74ad8a9fef6762ca7633f.png,0,Public
test/86e10068a60f4aa18be713946f925593.png,0,Public
test/2351d6cc379045a4aee0227af9f1ea2e.png,0,Public
test/5059047780694beebc18b54739f29614.png,0,Public
test/8cb806192ab84077a79d4f20df54c486.png,0,Private
test/f20ed86211b74613866c33001cc46826.png,0,Private
test/edf55144cd1e43708e2f5ed1d29167c9.png,0,Private
test/819264042cf74da3a53ce7657fcf81d7.png,0,Public
test/447593bbba6c46128dfac4bde011caaa.png,0,Public
test/7f727f6a42e243008eaf6b1dcaecb4da.png,0,Public
test/79fa1f58cbc74ebfb3a66aedd2ac638a.png,0,Public
test/2c2e1fc855414a4ea791ad97aaf79798.png,1,Private
test/e96164d56e2c40d1a3354d3c284f0f01.png,0,Public
test/9b2181330be64b5ea84eb60d290dfa4e.png,0,Public
test/0f0d5d5081e04e24a0fa6b4ab9b4c6c2.png,0,Private
test/aace6092dd884b6387c8e0149eacefde.png,0,Private
test/f91f9b2cd8114bf9922d599dfbd40207.png,0,Public
test/80708fc58903420998e25a5802c65740.png,0,Public
test/db5cfd6cdf0c4d649ce8ba57dbba722f.png,0,Public
test/79d5ce80efa34fd8a2e9468374e34249.png,0,Public
test/49ad5861446041178f7bbe31f5341971.png,0,Public
test/c38902cb0c254c77b5f888c4e4e3cacf.png,0,Private
test/cd9e3d3bfa7c4daba55a17c5da040df1.png,0,Public
test/64b9456540a9426fbe50b4603edb76a1.png,0,Private
test/4c12725d383e45fd992b5407e564b6f7.png,0,Public
test/cf4d06d6afb74a5483f477276fe5c68c.png,0,Public
test/6509c04c07074a0bb375104dcf1c620e.png,0,Public
test/8f8aa06beb064ba1a5458e16a191819d.png,0,Public
test/fe0f556460f244fe9201b4af93ce6e4a.png,0,Public
test/c85df6a64ffe40af8ea756c44fe85f98.png,0,Private
test/d4221615cc7742c0807731e572b58760.png,0,Private
test/b359e778ef6e4d2590066b4bccb1da01.png,0,Public
test/54dc4b950656455083f71ebfbedccc61.png,0,Private
test/57f59c2c9e494caf8f1dbcfa501cf3b7.png,0,Public
test/cf67febb32b9481f96001ab37b533824.png,0,Public
test/2ce2051de40b4a63ab3c51e761337023.png,0,Private
test/90232c4ccde6487887e3bc27bdfdf36d.png,1,Private
test/d1fb181783334d32934c0464ceb42210.png,0,Public
test/0da592ff28ea456bae7eee14c1728df3.png,0,Public
test/3add4e1e94a94d8caa42eea1efd5bd53.png,0,Private
test/9b3bd0502e7248909a3f59605c8b035e.png,0,Public
test/0acab7bb104141f38331d95c06f6fc6c.png,0,Private
test/ef7b67f0673540a7a2ab79ce8fc92c61.png,0,Public
test/009cff1fd5bf4fc5964c71896e28bf62.png,0,Public
test/eb4e8c7eefdf4803824972d128a5e6dd.png,0,Private
test/3e4bbc4b54804290be9e68d1e6932485.png,0,Public
test/80f9dc4a0701407894a96e84fdd4a4cb.png,0,Public
test/c748a29c6e24471aa44d8427802c1c99.png,0,Private
test/7945ef9df32b4a719dae74097feb21aa.png,0,Public
test/5608514449a6453aa3159b884a495d34.png,0,Public
test/1af09eb580b7463ca9ff3ffe9564843c.png,0,Public
test/b302c1bf3625409aa47ef9c3902eb0d5.png,0,Private
test/b98deb9686334e33afbc4dd29a6e9a89.png,1,Public
test/af5a01c2612f45b28357d217ed461f6a.png,0,Private
test/574d54034a5f4868a8a75f752fbe14e5.png,0,Public
test/3ea8a4e9e1d444c29a5d55f62acd0428.png,0,Public
test/b0ac8e6d5e0d45a59b762b093ef79277.png,0,Public
test/b0499ba7cbec41109c7ca1a63606c163.png,0,Public
test/f09246d179bb49fd9a512dd31fed4672.png,0,Public
test/ecbadd1bc8bb491baf7094ed66f7c229.png,0,Private
test/abdfa875a3c44a32b8f3d7367231a204.png,0,Private
test/66b0190b4b00496184faa4c891b42671.png,0,Public
test/b73e7c1cfed3439c810251718d375e67.png,0,Public
test/751c948d9f134f2ab7b3ef0a4aac14de.png,0,Private
test/1b22c43787dd4a93a0a1b8604a0adfdf.png,0,Private
test/dcdb994bda294e7d9f92b99fabecaf4e.png,0,Public
test/ffe5cebfd2a24645b46a7e350a1b3602.png,0,Private
test/6053b43ad4454c049580fe8865635624.png,0,Public
test/9d08b572fe67491083fa558534ee58c3.png,0,Public
test/a58a55df664f485fa89bd9124158687f.png,0,Public
test/3d24ef7e8dfd451bb1dcfe0fe6ae0bc5.png,0,Private
test/24e8ff5e2927455f8c847df6cd0aac3a.png,0,Private
test/b6f12658738447d493df16b8abe8958a.png,0,Private
test/6a861b8752074fb38a0e00c55054fbf2.png,0,Private
test/3f7c7dfccf2a497b86de3f4a0223a361.png,0,Public
test/818fdd99ae5c4ea0a9e8824aa47bea63.png,0,Public
test/d0ff6093668a4aae8caa08bcc050175e.png,0,Public
test/17d951a0f45243019db8e3b049f28302.png,0,Private
test/c345008aef3247269739662afc9ddb78.png,0,Private
test/7444fd0f917f4810be51cbb5fda6e914.png,0,Public
test/04fc3e565efe409db05ba31555f53ea8.png,0,Private
test/0c1829589f9a4f588cc1327598b8e924.png,0,Public
test/569a02f786654c95b6020a524e0310cd.png,0,Public
test/5e52c25d2ea541149b52d1dd632cbbcc.png,0,Private
test/0241169da9644efa8e5885b207384068.png,0,Private
test/e871fee66d1447ca8e241052a239a36e.png,0,Public
test/80630cc18f5c4b73b089b95d7a96b7ee.png,0,Private
test/ef0c16693c5c49bea8e27f03da282658.png,0,Public
test/bb619ac9056f4afdbaac72eeff1ec61c.png,0,Public
test/54d40177094d4ab89a0d1305f678f01a.png,0,Public
test/d147a751a32a45cfb7115ea94883c453.png,0,Private
test/a7a4035e148d488abcec61699635b3d2.png,0,Public
test/5cb276c02c3747e1b94f2faec0a46ff3.png,0,Private
test/c347fe61756b417ab13d35b1892e0752.png,0,Public
test/e19a3f90c88d4dad92085f3c7adf966c.png,0,Public
test/a77ee5537e944254987699988fecaa61.png,0,Public
test/b4480c7afed3466f9ecb8639834a2946.png,0,Public
test/b0f33a68361a45c393a3b3b5596997c7.png,0,Public
test/0bb0468c55c94e79abe3cc104475cadc.png,0,Private
test/ef55280132ee459c8c9eb37894b8bb7d.png,0,Public
test/11cc54a74e234289872b83ea574a7422.png,0,Private
test/a4e2b64c9cbe46bba204c57653879669.png,0,Public
test/edda5af7d2754b6a9bdb29971ae7df3b.png,0,Public
test/5c333bdf5ab241aeb22492b204ceb7aa.png,1,Private
test/4c350864075c41d0906d3550af7421b4.png,0,Public
test/ea8e7c933be34f51921f918946ae35de.png,1,Public
test/809e853d9f774bb9bbcb2367e0beddad.png,0,Public
test/3dba5d7e74a243a09cf8bc9f33ee6b8f.png,0,Private
test/1bcb89d0d5f14e25a5db5d0eb21355d7.png,0,Private
test/d9ead0d8e9b341ed8c6b40d329c61352.png,0,Private
test/368ea94300f7434fa8bdae0cf474475b.png,0,Public
test/60442492d0c9441bbedafdedcacb1394.png,0,Public
test/fa742ad269c74236b317e476cd85d270.png,0,Public
test/0cdd885f5a7148ef863641c7d0b15037.png,0,Private
test/46230a209bab47b9b8519eacdd87f0b1.png,0,Public
test/d5610929a0294de7833114808258155e.png,0,Public
test/96136a606b1046a1a96272379b195fc1.png,0,Public
test/167d467f1aff4f019dd211b9b4eae162.png,0,Private
test/b3efc95cb6464828a0fb8634015dadb2.png,0,Private
test/58836de30d214a22a43bba5e95b71e24.png,0,Public
test/96105b7f127c4c72a0e639bf80c69314.png,0,Public
test/ea32d73f7f15424985452aef87323cbc.png,0,Public
test/da7fc455e5b5406c961b57babb295638.png,0,Private
test/7de6f7ca93fc4ef8a50b58df3c18471e.png,0,Public
test/88464a28704b4f059d87073a14a2ddd7.png,0,Private
test/60a5bb519c974e1e8d8c2c6c699fbe5e.png,0,Public
test/8b4c25858e57447c8a6fbdb218e37d4c.png,0,Private
test/f794ded68b5f4063b91610036ac24e37.png,0,Public
test/0e925052bf8140cfb347651e364ae0fd.png,0,Public
test/da855393ebd840deb35c249ff7a0203d.png,0,Private
test/030233c28b9c4c8cac9473cfb58fa431.png,0,Public
test/1711dae1904c41a89d04cf0505c50986.png,0,Public
test/05ed17ece1de400ea3428704a795adcd.png,0,Private
test/1dab3b4639774c688104765e632ce95e.png,0,Public
test/0604dd778a3e4f369383d062dfe407a1.png,0,Private
test/c023bf66f68349d5958ca45006023150.png,0,Private
test/18617584f0f14ce1abb2a997b523d002.png,0,Private
test/fd1dbe63a1ab4d8c9965ded7983ae609.png,0,Private
test/0d4094e11e6049c99ec644b6a8b8d361.png,0,Private
test/709477b6df0d465796fb6237fcad065d.png,0,Public
test/265bce56301b47b5b1c208bcc57863c6.png,0,Public
test/8c27ae85b2584209bb1db53741666c26.png,0,Public
test/6deb3f653bbf44d8b68ff4745544c0df.png,0,Public
test/4ab364b77a254f08ae20781ab2bf2a05.png,0,Public
test/08a95215ae7d4a24b22cecfe85d71dae.png,0,Public
test/dae4decf4e6f454ebae6b956b6efccdf.png,0,Public
test/0ed01880677b4adc808278963abf28ee.png,0,Public
test/91e0faf1681c4a5796b1f5631670749e.png,0,Private
test/426f30f9a24e4384851c460652f8b2fc.png,0,Public
test/55015a698ffe44ff9d2291635dce609f.png,0,Private
test/16808c9eb82f4ea8a3e46cd0ec67c05b.png,0,Private
test/69e84b0cd4ac4f9b9f084e00ff28b0f4.png,0,Public
test/a415d9d9a02c4172b36669f8501b6936.png,0,Public
test/4dae1477fc9748c5873194573bbf3abe.png,0,Private
test/92b128d791b647adbbb1ef42754000bb.png,0,Public
test/4e27794c7e654079a2ae6486b662fe30.png,0,Public
test/50175a25a417423692d1d9115f9aa3ec.png,0,Public
test/908299d321f948fe96877bb957964cf4.png,0,Private
test/e7639b08f17e4daa9d29f77dd7859959.png,1,Public
test/34dee9bc15c34b2f846750cd9b7f64d9.png,0,Private
test/406dd388330a4f769f78c059223dfa09.png,0,Private
test/a37ae37cca6f4990a1bddb4b5bb508bb.png,0,Private
test/dfb9e12e91444e089ef1bb644d9dae35.png,0,Public
test/847790b6f8594b35959a77f29fb76f36.png,0,Public
test/d69d6bd1434448bd8ea155b0a26ef7e9.png,0,Private
test/3bb7429a249f4755a8b3222325473b88.png,0,Public
test/af68eb2b49e246f79aaa678e189cb76c.png,0,Public
test/94c1b7975c584c939c9d5ade79ac1a92.png,0,Public
test/7afba85f80374de4baf34a791313d087.png,0,Private
test/427dc517722e4bbca87be39db16fe674.png,0,Public
test/b6099861f691484e876d2fd71f0c32c6.png,0,Private
test/813884e67a38456fa927a455b9157edf.png,0,Public
test/322145d085e346e79d5c0a53315b9b41.png,0,Private
test/96272e1f126f430ab41443972dfff030.png,0,Public
test/324e87c0490a428ba0154736069790c5.png,0,Private
test/ef74be2de14a4eb5a09dfb88c9b01989.png,0,Public
test/6ded5a9823ff4fd3940e1c1c0e85b745.png,0,Private
test/27b8b895e01d4e438f5dfa4f7e79483a.png,0,Public
test/8a1d90c008664a3aa1f244d5b8f8d90b.png,0,Public
test/b10162e183234eeb800f3710e1c22af9.png,0,Public
test/36b0fefda2b048fdb2a7df55a44d8d11.png,0,Private
test/9450669fe387493ab52682949bf4091f.png,0,Private
test/d2ab0727b041478fb8a25a7938b1d844.png,0,Private
test/f1e55b14161945eea432dfeebc1a1c93.png,0,Private
test/2ba9e9f2c28a4008903f449a9a0b7389.png,0,Private
test/3e9d02809b184578b6a7cd0d80866661.png,0,Private
test/885db69090a94df1bb9f2190b079624b.png,0,Public
test/18b90ec2dfe9488f9600b614507c00e6.png,0,Private
test/b128acf7bb2c499386c665ae7a239efe.png,0,Public
test/27d0e35fcc2346bfb8cdc4813ef2fa9e.png,0,Public
test/80f85cfd4e114f3db189e71a1b429fd9.png,0,Public
test/b6a9c97759324d68bc09eb596a5acdbd.png,0,Private
test/fce3c3875e764947898d5abe269ddd81.png,0,Private
test/f73b073dc6b74e218a2085cee49997e8.png,0,Public
test/71d2549de08d4f72b87459904634496d.png,1,Private
test/5fdfc3604fcd4bdbab5b960f8df9a9ab.png,0,Private
test/875397f93d2b49448007d8ef36361886.png,0,Public
test/dea2d8bce7cb40e49b0826ad177d1ccf.png,0,Public
test/5999969dd90646e382e70816e536739a.png,0,Private
test/94e7b9db272c4dde8383109efbd1ad3f.png,0,Public
test/3d8f3eb7bb6e4bf7919ba79e0a907e32.png,0,Private
test/fa7a2ce42ab44000a31298f18f87d996.png,0,Private
test/2331eb167e2d4bff8f9f9c0795c01b28.png,0,Public
test/dd567575f8eb4a539b6c638050731946.png,0,Private
test/7c190b2587bf4bb1967f3882126f8dab.png,0,Public
test/53601b9c63044a34b2f77d4779114e94.png,0,Private
test/21bb861c66874adcbfdc6cad0b0cb65c.png,0,Public
test/ec88bb7d174e4505a5c24680ea9ecc72.png,0,Public
test/0f85522ba48c43d0966e6b95df9c5a2d.png,0,Public
test/bc0df9ee948348c98d0f68f9fd39312f.png,0,Private
test/1a0bff6ee9a64e72b071c2586e855423.png,0,Private
test/790d57d7c50a4eeda6ee5b18c8a61177.png,0,Public
test/3b9928a4dbe047a7a181de7df745632c.png,0,Public
test/f3508bb29ef24edab417177da4aab56e.png,0,Private
test/39c8efd4dec440c4a6a23eaeddcd6d3f.png,0,Private
test/91f40eac117c46d5a0053cb84ac3ee29.png,0,Private
test/fcc285c4a6734031a4cc7abbc15279b1.png,0,Public
test/76c410f16b2b466281bb3d3b2c7bf130.png,0,Private
test/b306427cd6a443bfa0d8e22f9a8d6a43.png,0,Private
test/699d7168e1244b019925cde65bc5c5d8.png,0,Private
test/1ef4da31a2424b5d99b82e3063a29b1e.png,0,Public
test/661e9555239943fa9d8a50bdef6f0562.png,0,Private
test/8a1fa7c89c5047b3884f3c71102e74cd.png,0,Private
test/ddca2c0a9cff4386baa2bec4597292c1.png,0,Private
test/0684b747644a4c39842eed246faff7b9.png,0,Public
test/695431597ea14411b6fcd47d975552b6.png,0,Public
test/b2919da2b45c4bddae37e78277e67c96.png,0,Public
test/b2b7eb45869a4123a2368a9c3a653b29.png,0,Private
test/ce339e3e321c487f9a498e02c99b9062.png,0,Private
test/37fcdd6e9ad64a7d92b215f484e343f8.png,0,Public
test/b8d0d17e21004233bd7f637fb6334f0f.png,0,Private
test/bb352161e0c64d1eb935a61718c489e4.png,0,Public
test/a87dadbcb7284652a86d40645b660d1d.png,0,Private
test/7bdd32fa6b3c462ab9039a028e71dabe.png,0,Private
test/6e0955f21236485cae7e1f7f9fa29b68.png,0,Private
test/9a8a9aa2e8af40e0a7b1c49d8bed56b1.png,0,Private
test/ec45ba3dac284cc8819df560b457c849.png,0,Private
test/c0ad3a86ed1142ada64efd26622daa44.png,0,Private
test/7c395c132b59420d927e0bfcce9c7fca.png,0,Private
test/d201bc51a8ec41d28a282c0de5194ba4.png,0,Private
test/cdef5b50f7d5467193a4c68ca32596ba.png,0,Public
test/26e6b1377a25464fb9360550a6a23cf2.png,0,Public
test/7881c3bcc51741a49284e9e6b8f0e7fc.png,1,Private
test/0e6d9f50bb3742718f6a75de6a864b08.png,0,Private
test/0cf0a24d85a34fa48f5d9d036f7605ed.png,1,Private
test/84e548725c6c4557aa33d1d21b680aa4.png,0,Public
test/2f800539808344aa87977ac4d4fd6863.png,0,Public
test/93ea4d3b5b584f43975810a44737164a.png,0,Private
test/cbe502a4f77f434d9156bdd1abe5bdd3.png,0,Private
test/efcc741d6dbd495f89b4a92b30c356aa.png,0,Private
test/1277e2d47c6c4615bffef3b0c8fe5301.png,0,Private
test/271cb83dc1f140bf9770d0edd3964250.png,0,Public
test/1c46ddb9549a48d5a831f2653bb9cd23.png,0,Public
test/80261bc59b134a22b4e7c2aafa05ba35.png,0,Private
test/ad387f654ff44c5c9e9bfcd62cfe0c32.png,0,Private
test/953edf28989142a88f21cf9eca9196a7.png,0,Public
test/b42e259c85724e9599b9a31508bdd8ae.png,0,Private
test/8b33a25267204ef7878cefa6764258c0.png,0,Public
test/e827da1e336847d193d6dc9654d81d48.png,0,Public
test/cd442b8030244b199b046a1126728830.png,0,Public
test/08fc36d98f5b4e9ab545cc175be6e4b1.png,0,Public
test/4bf32db69f134aa78f10b36e418966dd.png,0,Private
test/abae903e4caa4663ad36f40b571f6cfb.png,0,Private
test/3be31ed7021642e3885f02775eb1e336.png,0,Private
test/ddd47ce4733540619eed2438c1140b6c.png,0,Public
test/290b3fa94dae475a9183fe86bdd31c31.png,0,Public
test/683675c602914ec18d933620fa5990ec.png,1,Private
test/06affec5413144b8aa0b9119bb0bacac.png,0,Public
test/e24654482e2741208b9c891bb2152bd4.png,0,Private
test/8937be20e66c4e4cae7ae7ea9b4d5b08.png,0,Public
test/1d4a86fa08fb43129bd12015f4b6ef8f.png,0,Public
test/6cfd631327e84e4cb8a010e286642e51.png,0,Private
test/fb89afa55fd34da794c9f0d577cb6cfc.png,0,Public
test/23a1b828009a483a86b71d20a3b2370c.png,0,Public
test/1bfca265dd4f40bb8e66e20526542407.png,0,Public
test/8f697dedc3c44dce9bb3b0c1ac076735.png,0,Public
test/689d9f5b3b80451c9f2e8d47fb6c63be.png,0,Private
test/061a8b5b3ac54096a4ed80e6f2932ee0.png,0,Private
test/d13dc2beefb940378b8378f379739724.png,0,Public
test/7ad148a9d8b346babaaf4ec960ebc0d4.png,0,Private
test/45b20a75def54077979259fb03e64850.png,0,Public
test/86275412ce7344b7a7d3e947766b3325.png,1,Public
test/afe66702003f427083bc9491383b0c28.png,0,Public
test/0ec8fa8b0a754af8b1a42312aff8b2b0.png,0,Private
test/588213c01f9740528ccfc325a0abe657.png,0,Private
test/257495a479ab4cfb9f83524fc70d7faa.png,0,Private
test/53b6c6b993d94fa28bae316679d6528d.png,0,Public
test/b396cae9809244ce99587a36cbfa42e1.png,0,Public
test/a54d87640c964bda94cebc00cca42599.png,1,Private
test/85188a755c5a4b19970c7281e348e99a.png,0,Public
test/0bcaea7751384fc1ae8ef50300c8eecd.png,0,Private
test/7e7ea617467643eb90d31025265b2744.png,0,Public
test/42e6a98269a645f4bfd12bc670df6d1a.png,0,Private
test/d24a3099f2d347e7b88d0fb0290e63b6.png,0,Private
test/cc4d08d321a24da69404ebaddc27fac8.png,0,Public
test/44c3a3a38adb4ced9d6ec4cde6d9b33c.png,0,Private
test/4e1f1708a6e941578b4767e37a31f730.png,0,Public
test/6a3a2290dd5f4a51b7b929e58414da6f.png,0,Public
test/fe083c6b3a7d491d93a1665fca02e598.png,0,Private
test/3b72bfab6d7943098e3dd7011e7960cf.png,0,Public
test/3159eccab4364e1cab552f73d2c45c64.png,0,Public
test/895babc536d94529bac1d66ed59814c4.png,0,Public
test/cd35dc5fd49d4be485a05c6253d78ea0.png,0,Private
test/7d0e11002932472ebbb1d30390329152.png,0,Public
test/42a7fd33e9fe410e8f3f8ef62199c274.png,0,Private
test/e74b6d52ddab45549b186aaacee9a2fe.png,0,Public
test/14dd0b19569b4dfb99cf514b3c7799fa.png,0,Private
test/93b264d03cf84d1fa2e10a4558b0a235.png,0,Public
test/373f4eec3e714ebcb744225531786bb5.png,0,Public
test/d597fcb205b94ed8ad3fbef4aea220f3.png,0,Public
test/ecd290d4b04646ce94abb456187fba9d.png,0,Private
test/4a28ec82ccdc4980bac20d126e4ce6d7.png,0,Private
test/95af5783b9734765bef34b23df342194.png,0,Public
test/c71d6b5955ae4ad1bfd9f75a72df1afd.png,0,Private
test/30e05002470e4979b962c21c69c0e21e.png,0,Public
test/f82c7afe29d14a28bfaa8564fd417ef6.png,0,Private
test/c206aafa27c34179a520bef12e1b8ced.png,0,Public
test/99f42f45cb9d464a8b6d9355105c5d42.png,0,Private
test/9696c2a631a34fbfb60a6c639fc0f5ab.png,0,Public
test/b274bb3cd2fc4611975f850b90d7356d.png,0,Private
test/6895334690b6486ca85b67a440d00e69.png,0,Private
test/a3e53515f0bb47b2a316fa326d6ee1c5.png,0,Public
test/a87edaab83cf47349044f54beda63733.png,0,Public
test/0f827ae71d7a4cdfa61c8e486d335f7f.png,0,Public
test/939c67333272470cb701014fe1179d41.png,1,Public
test/9d647f937b644354b29b79ebc82b4b14.png,0,Public
test/eac87c196eb34498a6ad1c25d02a7e9c.png,0,Private
test/9c9d89dc6a4249a0b0ce0b7b189e1ea2.png,0,Public
test/b0cd3c070c334e20a562bf7cb30737c4.png,0,Private
test/907814a174d34c0eb8f6a6f6bc851ddb.png,0,Private
test/a34d29cd04974789a22028718e4d37f4.png,0,Private
test/949d712a94944266a233b529c31e118e.png,0,Public
test/8405f92c86aa4528b290301ae7a8851b.png,0,Private
test/be6e77af3f5a4c6ba8d045c83cd131e2.png,0,Private
test/711864bad4ee440fbd3ad1336dc80a3b.png,0,Private
test/0e038e9e58b345ceaf0b81240bd20a7f.png,0,Private
test/96227b4142a44c6b9609f3a4355265c7.png,0,Public
test/b2740d8889b44af799b94a693dea9691.png,0,Private
test/1de8692b5a0c492e890140ef31ad09de.png,0,Public
test/3b0c871430a14d9aa5c53e853ba8ccc8.png,0,Public
test/1eaea82ad3e54c488b23b3cd88db9f34.png,0,Private
test/54f74ce4cd1d43fcb1642c3e1ebd14ef.png,0,Private
test/7b092527e1f24fbeb9dd2772c586dd94.png,0,Public
test/191c5f58a5f84f02897633f3a676df28.png,0,Public
test/4b316374ca09476e99a3c8b558327a03.png,0,Public
test/7822b6bd9f2848678acf4b7f7dcf3406.png,0,Public
test/4d4ddc9b5ebf40ffa27e3c006fcae642.png,0,Private
test/af808b52396a472ab9fc4661575fdc9f.png,0,Private
test/094716452f14471f8ba2c1da9eef26e4.png,0,Public
test/120b7f477f8b42fdac35532536d0ca04.png,0,Public
test/87dffd9a9adf4f469ed124c920520d55.png,0,Private
test/decb1432433840cbb760cbc2b973fb1f.png,0,Public
test/9a4c57004cf240b0b45df3c23997c605.png,0,Private
test/33ac1bcaf1dd438786c12afa8845737a.png,0,Private
test/a88a223c9b1d45539651b61e30695bd5.png,0,Private
test/cebb7c301b1646e1a9c9c892f05fd354.png,0,Public
test/6275b2b2d0554e6da5c956039456247d.png,0,Public
test/22dbf5d5101f484db456214a1fac877a.png,0,Private
test/b5090a78fd7f4327b7c689fa637ec589.png,0,Private
test/0b97661b9f8b4078ac2d69401bbe93ea.png,0,Public
test/b28e3d3ca89944938f0e77b7c8b7b612.png,0,Public
test/3c76cdb951204f9ca99031721fe11886.png,0,Private
test/0ed71d00d4ff478487c558d7c28f4f8b.png,0,Public
test/61cf375375ed4e49b9b78647b4941685.png,1,Public
test/dfbdb8f133f148f798722b0078460303.png,0,Private
test/f0e77430398849fda41b68be8e635bd2.png,0,Private
test/0498ad8d0fa84356852b3b42f0d048af.png,0,Private
test/2135dd3e45f34f2a898ba2c33d9b8c69.png,0,Private
test/c56b2a1655d1485f9c602949ce3eaa92.png,0,Private
test/b641feb715554347a761611ebf2cfd00.png,0,Public
test/d860f5c130804ed79cadc9aed705c4de.png,0,Public
test/0e55460129ed4236876ed7100bad5e4d.png,0,Public
test/111505b4156d4df79aa6ceca6dd8d0d3.png,0,Public
test/49b0306f86a6479da67927ae17c56a87.png,0,Public
test/4d961c7fa94f4936a9c8d0f228a7da6d.png,0,Public
test/1256f56225f6406b9aa17e52223af96e.png,0,Public
test/866a783a97b14908adbf0a9a2b73f8a2.png,0,Public
test/7f1442e7f1f54eb48310cb745a483069.png,0,Public
test/a0f114d0f3684bc0839a8e66c6ee3efd.png,0,Private
test/db2f33d7d7b64621a889efb8d01aaa52.png,0,Private
test/5fed1afd399a4f4cacea4b1a34502f2c.png,0,Public
test/163c36f7f19e4076a7a2bb2e14741f71.png,0,Public
test/78a8ee4d46d7472a8d424b124fab0be0.png,0,Private
test/ee2b421f1fc44f8d9e227aea563183b3.png,0,Private
test/b5235c6c5c8344feac50bea8f99ccbaa.png,0,Public
test/508d63cc3c854aa5bb74bf529031bc88.png,0,Public
test/c00426a1580f47758ddbb19debb57006.png,0,Public
test/59805e6f270a445db5da66c4756cb92b.png,0,Private
test/e8941b3f6f804c5b9e82850aa360532c.png,0,Private
test/0b1d3daefa5b4f7a971ef5121d1e6751.png,0,Private
test/f6bd1667ed264d90af0b12852458a3c4.png,0,Private
test/4f3a69b6451a4e4aac9c5b6bdaed708c.png,0,Public
test/6230018316934bb9acca7b4692f35d33.png,1,Public
test/6f68e62182874e0eafb2bf1add89273d.png,0,Public
test/4ca2a2d1a60948b9ad42dc4717a86e51.png,0,Public
test/c0840aa701a64414b6de00f403849f36.png,0,Public
test/a0866f87c64f4a598b8a26682ed05bcf.png,0,Private
test/09195eab883d4d0a8f1306e271b16822.png,0,Public
test/2b1395b299164929b888aa75dfe06117.png,0,Public
test/ecfb9d055af2463dbf4c6cc65d305aa6.png,0,Public
test/e1568e4917d54cda9e699837fefc8722.png,0,Public
test/b974c10f5a22438abecd57a110fafee7.png,0,Public
test/d804d7d3045d43fc88c0b625c10601ab.png,0,Private
test/0cca0fef75a3496fa0e52ef2576aeee1.png,0,Private
test/35ab781608154ac890b5f3507d99e1f8.png,0,Private
test/eef954e91cbf43e4ac7f8f4173919324.png,0,Public
test/fb678a0ca228492fa488c0de1ef3ae8d.png,0,Public
test/942bb812417f4aee928d8953fa9c8f17.png,1,Private
test/85fb866e20e247139246896b22706a80.png,0,Public
test/32235ece8fb847ab9a4188e988fc5e5f.png,0,Private
test/a451e22b29cb44bb9c7947e6ff571df6.png,0,Public
test/79802f31845a43079e512acfa32b0950.png,0,Private
test/c0493e90811d4b019d40b9967ccda1f0.png,0,Public
test/356932866cb5495698a6008c877ae694.png,0,Private
test/ad08a70812e54f13961eb04cea7c03d1.png,0,Private
test/6b87075c2caf41c8ba1af256a2049bb5.png,0,Public
test/55cf8ea606a4406fb531f24093998dca.png,0,Private
test/9abd91339e884d14afe9ac77ac635d9d.png,0,Private
test/d07820f2d06f45068b8348a1e44b0f4d.png,0,Public
test/7fa9356469c543ac983bb95b3e3dd25c.png,0,Public
test/05a3b6b962d84800b0dfa80be3702056.png,1,Public
test/e85d7e18965f4eee92ff89f44f202ae6.png,0,Public
test/0a400e02bf794fb38422b15b0306c53a.png,0,Public
test/28a4a4fec7cc418da2ae884f35e0cb05.png,0,Public
test/017debae794c4d37b0809e94b5de82fb.png,0,Private
test/953b810d29ee43f48945b22169f182d3.png,0,Private
test/004ea555927240f5bba7520c8a0dcc10.png,0,Public
test/86dc70fd17494dce876854a144d53299.png,0,Public
test/d138911976dc4ed787825d09d9c0d602.png,0,Public
test/30ecfefbb07b4562ad8b8086319e8111.png,0,Public
test/6af04de413774beca85799278828563e.png,0,Private
test/43b9d27bd33748fabc65e4f8630e68f8.png,0,Private
test/c28fb30720e946c4a18f846221df8906.png,0,Public
test/ef91b1e8535c4fc993b2438a38fa91e9.png,0,Public
test/13c14967c84d40d9a56bc85f6fcd1c46.png,1,Private
test/dd3f0ec3d7cc4b01a97cfe750cac2d5a.png,0,Private
test/cdb3094ac2954ebbb9f8630899cd9b54.png,0,Private
test/2389c4bde43a463caee54f32186d3798.png,0,Private
test/ad511c98a57649379823a70704ec5cf9.png,0,Private
test/42b154e5e1774309a56d1e58d1fa6f4f.png,0,Private
test/692090c4addc4cbd8569270fe0af972e.png,0,Public
test/5e15bc7f0ebd438d89349d4c8231bf1b.png,0,Private
test/960d3fff2d4d43cdb78c926a6b86b9a1.png,0,Public
test/3078a6a5625e44cf87febd01e122a07c.png,0,Public
test/16bf535456084ca0b1a9456301b64cca.png,0,Public
test/0d5fdc64fc654c6a98276749ebc94ec9.png,0,Private
test/553ef0e9b1e5462a9ea61de1e7d3da3b.png,0,Private
test/53160a8bca5d42829ed7a510f01b1ec0.png,1,Public
test/6b62f85dd4a64e6c857d2249f0341dc2.png,0,Private
test/fd66520240b842b38834e1c88d2d8cce.png,0,Public
test/773f29fc26da44979b4ff63c1cc96f27.png,0,Public
test/97a1c8a723bb47f8ba966f5181e9ff5b.png,0,Public
test/43129392611e492ba499250cbdc9d1fc.png,0,Private
test/a02c3a9b2b9c492daffaeb47eab6d1d3.png,0,Public
test/13b8541e8a384f669ccc9e806dc6e2cb.png,0,Public
test/ad9ec2e8487349f8bbba39cfbce44f6b.png,0,Private
test/e21ebd7b4c1a40578adf733d69eefd8f.png,0,Private
test/0f093d35088e41628e65276c42998fcd.png,0,Public
test/59e311dfd5e74bc7a98f837df9aa8c31.png,0,Private
test/aec516ad8aaf4b0ca2c90794b3d6d77b.png,0,Private
test/fabc0a522938498ba7ecc18ed57b76b6.png,0,Private
test/b9a800f23ff64a37a537a9e7a3cce460.png,0,Private
test/a798d5c0de084e6790c450abbf86e359.png,0,Private
test/09a28b06d1584d54be26ed74f4ea35a8.png,0,Private
test/75b11feebf3e4966bec8a069ca94e5e6.png,0,Public
test/47a8def9e7fd423aa33c1e0a0ee3b8f5.png,0,Private
test/64d4ca6ef98d4a73a4b5f51c6f8355fb.png,0,Public
test/1c2a332df3874195a2f91a44439bdfe2.png,0,Private
test/99adb7b8bb9c4b7cba76a3146626938f.png,1,Private
test/5ccd4e1ee03344cc897c6caae302709d.png,0,Public
test/6f38dad89ae44608a2c91e2c4031deaa.png,0,Public
test/e63aebc8c0d84bfa8d427baa7bc90a80.png,0,Private
test/3c16405f4cce4e3b9503dcce80d9693a.png,0,Public
test/7400013397914b54a612640e3370323f.png,0,Private
test/06d01f1376a049a09944f75709818aa4.png,0,Private
test/4666ac10e0ef4ec194ee0afc0b05e4af.png,0,Private
test/3ab2f80dff0a40deb9e8314f99ecdc09.png,0,Public
test/a198cac87ddd49f2842214ecf1f3c189.png,0,Public
test/1da7aac7214249c09a8fab08d4158395.png,0,Public
test/5f7bb3709ca54306a07da4585849c887.png,0,Private
test/7e4d47180da54c1f862478a16c50f7d2.png,0,Private
test/137bceccb0ac4576a1040c6ff5f6444b.png,0,Private
test/c43d042707ce41899938fa08d63ff224.png,0,Private
test/a56a985ce57a4f38b2ea3558a10c58ce.png,0,Private
test/c57edb5ffbf5483b93118a86e462e09f.png,0,Private
test/7f382b9d91234075a19030424ce03ade.png,0,Public
test/1ee489117254418da5c31bd8ae4ae4c1.png,0,Public
test/f2369aa6c6bb4cca96daf7bf30487158.png,0,Public
test/981f1c12b7d34b25ba17d9a9785850ca.png,0,Public
test/de1e314d630540348e0556dc84caf4c3.png,0,Private
test/e07e27ef41e842f6972e58e1bf1834cf.png,0,Private
test/89963e4787b141a29ce58dd91023b83e.png,0,Public
test/a20a778e5f9d487b83c34cc6d6106afd.png,0,Private
test/a94aff0bf2fc414f92cc1d33cb2052f7.png,0,Private
test/476332f4a4684441afc3842145a08621.png,0,Private
test/595ce71470af4b0a9b5a591d027a8f7c.png,0,Public
test/117362d0c0e1458b934e7aa1037528eb.png,0,Private
test/3f6e00e39edf4435951d492f307e1a45.png,0,Public
test/a8a93729950e4b98b7578c543934d011.png,0,Private
test/6fa23a72c55f41cfa6c1103e108625d5.png,0,Public
test/3b3aa98b01cb4c07b867adba946095d8.png,0,Public
test/9acfafccb0c942cf9dbae4d8bd2f0582.png,0,Private
test/70eae3de4b9d49d4bea27db4d28b54c9.png,0,Public
test/e7144a8a4b1e4fde8c2d3159262e68f4.png,0,Public
test/e01c40944d8a416aadec73ace14429e9.png,0,Public
test/c0348025161d4667b2cfba17cfe93037.png,0,Public
test/3dd68f34fa0a4773a1c861f3d2064a5a.png,0,Private
test/4d2019aef4bb49f098b0e61126d6d1d7.png,0,Private
test/aaab7f30a91a4f8f88ee33241f3b9c73.png,0,Public
test/98f237f0b3eb4fdbb46a1cf1dfd8d353.png,0,Public
test/4cc6e04e0ad34538b54c36f8f8aa9996.png,0,Private
test/adbdf44f3a1c441b867f47b65d6ca3d2.png,0,Public
test/afa525c3c30148829699481df3e6267d.png,0,Public
test/5893145684ae4d22b081d0c31d9ad84b.png,0,Public
test/6766518b78e54b54b55048ed5e05ff28.png,0,Private
test/d4ecfa88007f411ca0a60e5eed5eea9d.png,0,Private
test/9c66b79ae7e945aead55a19a1c8fde57.png,0,Public
test/3d543a38459a4f9dbad8458536d1858f.png,0,Private
test/ad12412e1c814ce2aa9d53bd7d87d8cc.png,0,Public
test/57d25faf4af04b4a9a2d0bdec159d8a1.png,0,Public
test/be981faccd3f43dcb7375a2b0dbd7c99.png,0,Public
test/dc7155bebb324d279c693c0ac8a79be4.png,0,Private
test/bc4228355c394ab88126e4df743a36b6.png,0,Public
test/8d7448e7cc77435ebc322c1bed8859fc.png,0,Public
test/1082631af4c74a4b9b5ee4ef16f70cce.png,0,Public
test/756f9f059d1b42c58345458e7800882f.png,0,Private
test/2a54d804d147451fb0cc647cfd460e68.png,0,Public
test/5cc99b0251a341cfbcc1d6523fb6a888.png,0,Private
test/59ac4c6165ad4d668d05fe983c2ce787.png,0,Private
test/a61e58e24737425bbc6ab300e8721c94.png,0,Private
test/d2ac27dae9514cee85cd181420593a0d.png,0,Public
test/21a922fa71ef4482b87226ecfe2fc855.png,0,Public
test/a32967486cac48c6a216003ea08a4322.png,0,Private
test/303b102adce84113b3eafc2247eb23c2.png,0,Private
test/797e471456b14ea5a832e2620b0dd3ce.png,0,Public
test/3798643cc3f447239fb24254dd0edf3b.png,0,Public
test/d51025b5737f443aad1a4dde5ac6fe69.png,0,Private
test/08c7104cc6ee42299ba63ba08485b803.png,0,Private
test/2738924fdcdc40369012c83dfff6aa8d.png,0,Public
test/9150df21abf44d71ae38a696ea2c7c9f.png,0,Private
test/31a8fb55345a4fb49c00131b5c2ec81c.png,0,Public
test/6eea7108e72b49f2ac332dfb8a50e9d1.png,0,Public
test/f3936495a1554cedb079c2170f385f39.png,0,Public
test/f8fee132c2f64940b726318ea61f3ac0.png,0,Private
test/96862ad9e9914701814a7efb0f932c52.png,0,Public
test/274d6515df5146018100cd8a0625262f.png,0,Private
test/0a35a038fad74e85bbb6ae998a9091c3.png,0,Private
test/b0b759eb53c342a6bdc5ba6b814ea75e.png,0,Public
test/aa92e9eeea234d06839dce82e44938f0.png,0,Public
test/2584e225239e4f20abe9da6ecaa6b967.png,0,Private
test/7c5ff30048574bb7a8b107d142350f06.png,0,Public
test/0dd13e8207054c74b504276dce85ea29.png,0,Public
test/48f95dc013f646da8a3434fbbe16febf.png,0,Private
test/c7872a8cd3e64f218ce84a97420f82c9.png,0,Private
test/540ed44ba5be46e091a0086ad254b2ce.png,0,Private
test/bcff819457424b8ea1cc6725404b2d57.png,0,Public
test/74300e07f65a4c08b68520f76e0e60f3.png,0,Private
test/a49e7f4499ea4a1db1c7509ee6479a89.png,0,Private
test/28b1f2b8f17843a38c7e516705981d71.png,0,Private
test/4d23cfbae84d401c8137736600330c23.png,0,Public
test/dc41ed99aa004ac7905aa915a7498f1c.png,0,Private
test/fe306dad7e17421997ca1d8781d2f3e1.png,0,Private
test/1016473c7caa4d2e8ffd6b812f3ac45a.png,0,Private
test/c46ba5b8872f48f0a388e40c0795b289.png,0,Public
test/9454c985630c4a278a8582b5a5875e4e.png,0,Public
test/b8a5ef6e4b3d415e89e80b1fa06482e8.png,0,Public
test/ab47af7869ec46aca31192c190199b07.png,0,Private
test/c7272c22ea4a4a7eb40614eabca07ec4.png,0,Public
test/78c47c987f5a4ce5a366086832113324.png,0,Private
test/e09cae218a394e48a2edf10476be1a3c.png,0,Public
test/77e0ba1eed1d46a79581a87b1dbfc296.png,0,Private
test/ad7002061c604966b7de260dbeabc741.png,0,Private
test/e4182f3c30c84b3b84d5d10ccf7913eb.png,0,Private
test/90ffc99c486f46d5a2c4b66157a6c90f.png,1,Private
test/4522d5b30ee640a08b0c6828ff23ef9d.png,0,Private
test/6d6e775081a349daab6078752dce21b6.png,0,Public
test/d3a377b5471f4cb7b52f892103dd0e82.png,0,Public
test/b165fdaedd714b9ab2095050bc6e5da1.png,0,Private
test/0508e363e4804d379104b145ea87a5a1.png,0,Private
test/f1c752f6cfc94107abd34394dd0706f2.png,0,Public
test/c07965ad4a294fad95c4355c62ce2518.png,0,Public
test/09be33e53d284c418066109b32c78ccb.png,0,Private
test/9679622bdb944ca5b407d4e17850e7c8.png,0,Public
test/655d179dcb824ab8b4719bd967130cd9.png,0,Public
test/5701e6ef38bb4fc7a2bba2ed1a8b9b95.png,0,Public
test/ac6515c409754ce7a7b3c2a20f49fbab.png,0,Private
test/2c77eacdb55142fc9be6699e6abeccb0.png,0,Private
test/7693c979fa214869b108fa4e9e7b3bd0.png,0,Private
test/8950578d86b848cb9ec616b3ddb8b431.png,0,Public
test/4d5d90eafa4742acb91e0193416b9c78.png,0,Private
test/644931ba294b477489cd8fdf5a1e9706.png,0,Private
test/5a59346bc2684e0091dc9a2b65aedd18.png,0,Public
test/d5dd5249475643ebaa407dfd0ebde7fa.png,0,Private
test/3ebe114094204d99949728639b29b9c0.png,0,Private
test/01eabf32fde5411a99983e7e1d8f6474.png,0,Public
test/571d69484954412caf2d9b5b0414da38.png,0,Public
test/3b59e1c9a6d64961965f39faf2a0f18a.png,0,Public
test/f6016791c15c4c109fcdba7afaa243ba.png,0,Public
test/d9692f169109486e9c0effadd2e7f4bc.png,0,Private
test/604558586d1a44589f9bf19c2ac4d313.png,0,Public
test/e1752b99adaa4078ad67bf85195c0c20.png,0,Private
test/5bc9473d421d4e13a4a25eae3f808f3c.png,0,Private
test/e38f5c6128e24a7d8fcd129876cae148.png,0,Public
test/d42873d710864fdd80dc0d1ea96b5186.png,0,Private
test/4342ea7c3d174279b4ec5581160e5e8f.png,0,Public
test/c54065de8d9b47b0a44d458801470bd2.png,0,Private
test/ec65d29cc49c4ae89529ddc7aeac0f52.png,0,Private
test/2e93a0535c094f68a35128310ccf7b5a.png,0,Private
test/1864b6cf756649e5b27952277936f301.png,0,Private
test/e8d644f81b2d4c8195b4d5d22a08f0db.png,1,Private
test/197052ee162145969587049bdea454b0.png,0,Private
test/f828a45b3abf449b81ccad129f9824d4.png,0,Public
test/858936fe1284460fbca11f63ea6e021a.png,0,Private
test/bd839301b98d41a58e3ead703af8ca33.png,0,Private
test/97912f2e8b884042b3a02d30f24dab05.png,0,Private
test/6008dc8e62364040ae4db38533d4b6e8.png,0,Public
test/f29b74a64b9a410da2ea579197fc5539.png,0,Public
test/a3ac9263bcaf4f6580fcab01c17505d9.png,0,Private
test/9e17badf3ae347228cb88147b9b12138.png,0,Public
test/218c3823b5444c108e80fbe3c30d79ce.png,0,Public
test/0982a6907cb9410399a26f486aaaeeea.png,0,Public
test/eaf34a1926da40f1bbc7340dc124e070.png,0,Private
test/34f2ca88a18a4b579282a4475f04ced6.png,0,Public
test/341383a06c6e44d592ad660ea5926e64.png,0,Public
test/ccad318ba5d748ba94b9d32d5a3ff5b4.png,0,Private
test/c4eaf26689094ec7affa8066bef96aa8.png,0,Public
test/65d37303f0f040939b835809bae88479.png,0,Public
test/848e763871bb4e178af8ffff9154d13d.png,0,Private
test/9301dbb5679a48d08df55d9a3faa4dd3.png,0,Private
test/a9a4abfeaa874e5f8235d7dcb0e9483b.png,1,Public
test/75d570219a9442fd8b307b32a458ac8e.png,0,Public
test/e5f5ca7c36264eadbdf07c02ebf4b7e0.png,0,Public
test/a99de412cf034a63a30b2844ec550507.png,0,Private
test/f07379fe8ad24e7f8b4545e48fe3b24d.png,0,Public
test/7ef3dd390b62451ea41a92ee3ce2d637.png,1,Private
test/8cc9161c7aed47379995c11d454a0544.png,0,Private
test/430c363c452d43cfbf655110a111bcc6.png,1,Public
test/036507a8a53c49c5a8f2bebc7f03311e.png,0,Private
test/78476e3c53df447c82b4bcfff3f59700.png,0,Private
test/5a7f0839a020452da75d8753ac0ced84.png,0,Private
test/d6feb1f66afb44b9bea9fba8dad45611.png,0,Public
test/a4e9d6016ffa432dae1d5f5f05256a16.png,0,Public
test/63467ee050ce4b168ee384d88b32234a.png,0,Public
test/653f83f1878446aba40b59e7d5a6a4ea.png,0,Public
test/bef38e18d4464684b151657f88ef4cff.png,1,Private
test/aff13581f84c4ab9b403777b56f3f26a.png,0,Public
test/82081a59fd634985aa32af609fd9df6b.png,0,Private
test/cfb7088be670471893be896df7d65868.png,0,Private
test/869d640a514c4e13b7861b9143e139f2.png,0,Private
test/72231e248f574554af0bd5ca4b71186f.png,0,Public
test/61e6680bd190452a88826fbab466d4e9.png,0,Public
test/86cc9952f86a4dc38788c540f0d3b515.png,1,Public
test/7d36efe2743646439ef1c2826ddd3d3e.png,0,Public
test/a3ea3730df41456895094f0bb879e644.png,0,Public
test/efe8dbba69bf4e55936f8535d5d0b58b.png,0,Private
test/92f92e483a634b8db66831b21a2a98cd.png,0,Public
test/4bddd15d2f19480e96606eff3ccc6077.png,0,Public
test/ac0ca9cbfb9c4099a8d572da96d8d8ae.png,0,Private
test/1476cb7dace44492a6ef61329fc0a9a1.png,0,Private
test/908e304ae9734d8a8305eb6288b48afe.png,0,Private
test/b967858f942a4a058d9b53ea4290c26c.png,0,Public
test/8ca59ef749f0413ba58627cd4b9c712a.png,0,Public
test/e6dd6c14b6bb4b59a896dcfa723f06c9.png,0,Private
test/e9a489ed19284be48862a8c0674edf6a.png,0,Public
test/69113ea814c94ae7b6de7a863e1b53d8.png,0,Public
test/5d0e085931924a908ad8891919465be9.png,0,Public
test/1d9075d3d26e4a4b95d741ea71b2b68b.png,0,Private
test/9aff7c9dc25145f9b66b1f371e5075cd.png,0,Private
test/c7d86f4e68ef454291b512709a4b9877.png,0,Private
